Asset,Weight
Risks,0.99999999999995
Returns,5.00155472593633e-14
